search odevent,114449
search,4181
set reminder,47852
read Event Info,29328
user registered,53466
SHOW_DETAILS,34180
read ODEvent Info,5926
ADD_SHOW_REMINDER,391
MARK_SHOW_AS_SPAM,893
FAVOUR_A_SHOW,1361
favour topic,1413
delete topic,926
UNFAVOUR_A_SHOW,602
SHARE_A_SHOW,305
PLAY_DEVICE_WEB,1878
PLAY_TV_LIVE,11458
PLAY_DEVICE_APP,1401
REMOVE_SHOW_REMINDER,1476
PLAY_TV_APP,23
user updated,46488
search event,251720
UNMARK_SHOW_AS_SPAM,290
user login,45343
link account,57
create saved search,7137
virgin_record,285
REMOVE_SHOW_RECORDING,282
SESSION_TIME,921
email_content_event_count,26485
email_content_odevent_count,26485
collection info,3858
user set recording,3
ADD_SHOW_RECORDING,306
ADD_SHOW_RECORDINGSSS,9
